Name,About,Genres,Keywords,ImageLink
1+1,"Пострадав в результате несчастного случая, богатый аристократ Филипп нанимает в помощники человека, который менее всего подходит для этой работы, – молодого жителя предместья Дрисса, только что освободившегося из тюрьмы. Несмотря на то, что Филипп прикован к инвалидному креслу, Дриссу удается привнести в размеренную жизнь аристократа дух приключений.","драма, комедия","2010-е | Абстрактная живопись | Богатые и бедные | Ванна | Вечеринка в честь дня рождения | Инвалид | Инвалидность | Интеллектуал | Классическая музыка | Классовые различия | Купание | Межрасовая дружба | Молодой | Мужская дружба | Написание письма | Особняк | Паралич | Парапланеризм | Париж, Франция | Повествование флешбэками | Повторяющаяся сцена | Подмигивание | Сиделка | Собеседование при приеме на работу | Сцена перед вступительными титрами | Тетраплегик | Франция | Чернокожий мужчина | Эпилог",//avatars.mds.yandex.net/get-kinopoisk-image/10900341/caf9f155-1a19-42f1-a0f3-9c8773e9083e/300x450
Интерстеллар,"Когда засуха, пыльные бури и вымирание растений приводят человечество к продовольственному кризису, коллектив исследователей и учёных отправляется сквозь червоточину (которая предположительно соединяет области пространства-времени через большое расстояние) в путешествие, чтобы превзойти прежние ограничения для космических путешествий человека и найти планету с подходящими для человечества условиями.","фантастика, драма, приключения","Азбука Морзе | Блокбастер | Временной парадокс | Гигантская волна | Голод | Гонка со временем | Гравитация | Действие в будущем | Другое измерение | Книжный шкаф | Космическая станция | Космический корабль | Космический шаттл | Космическое путешествие | Космонавт | Кукурузное поле | Любовь | НАСА | Название, сказанное персонажем | Невесомость | Нет титров в начале фильма | Освоение космоса | Отец-одиночка | Открытый космос | Отношения отца и дочери | Песчаная буря | Пикап | Планета | Предательство | Приливная волна | Путешествие во времени | Пыль | Робот | Родитель-одиночка | Самопожертвование | Семейные отношения | Спасение мира | Сфера Шварцшильда | Теория относительности | Ученый | Фермер | Физик | Футуристический | Червоточина | Черная дыра",//avatars.mds.yandex.net/get-kinopoisk-image/1600647/430042eb-ee69-4818-aed0-a312400a26bf/300x450
Побег из Шоушенка,"Бухгалтер Энди Дюфрейн обвинён в убийстве собственной жены и её любовника. Оказавшись в тюрьме под названием Шоушенк, он сталкивается с жестокостью и беззаконием, царящими по обе стороны решётки. Каждый, кто попадает в эти стены, становится их рабом до конца жизни. Но Энди, обладающий живым умом и доброй душой, находит подход как к заключённым, так и к охранникам, добиваясь их особого к себе расположения.",драма,"1940-е | 1950-е | Виниловая пластинка | Вырезание | Граммофон | Закадровый голос | Зверство | Искупление вины | Испытание | Комиссия по условно-досрочному освобождению | Личинка | Мужская дружба | Мужская нагота | Неверная жена | Неверность | Неожиданный сюжетный поворот | Неожиданный финал | Неправомерное осуждение | Одиночное заключение | Озвучивание текста письма | По мотивам книги Стивена Кинга | По мотивам новеллы | Побег из тюрьмы | Повествование от первого лица | Пожизненное заключение | Полицейская жестокость | Просмотр фильма | Разговаривающий с птицей | Самоубийство | Самоубийство злодея | Самоубийство через повешение | Сексуальное преступление | Сиуатанехо, Мексика | Слушание о досрочном освобождении | Туннель для побега | Тюремная библиотека | Тюремный двор | Тюремный охранник | Тюрьма | Убийство жены | Упоминание Риты Хэйворт",//avatars.mds.yandex.net/get-kinopoisk-image/1599028/0b76b2a2-d1c7-4f04-a284-80ff7bb709a4/300x450
Остров проклятых,"Два американских судебных пристава отправляются на один из островов в штате Массачусетс, чтобы расследовать исчезновение пациентки клиники для умалишенных преступников. При проведении расследования им придется столкнуться с паутиной лжи, обрушившимся ураганом и смертельным бунтом обитателей клиники.","триллер, детектив, драма","1940-е | 1945 год | 1950-е | 1952 год | 1954 год | Агент ФБР | Алкоголик | Американец | Анаграмма | Безумие | Бой | Больница | Больница для душевнобольных | Больничная палата | Бостон, Массачусетс | Бостонский акцент | Бред | Брызги крови | Бутылка | В стиле фильмов Хичкока | Вдова | Вдовец | Ветер | Ветеран Второй мировой войны | Ветеран армии | Ветеран войны | Взрыв | Взрывающаяся машина | Винтовая лестница | Винтовка | Внутренний демон | Военная травма | Воображение | Врач | Вторая мировая война | Выдающий себя за другое лицо | Вымышленный эпизод | Вырубить прикладом | Высокомерие | Выстрел в грудь | Выстрел в лицо | Выстрел в спину | Выстрел из пистолета | Вытесненные воспоминания | Гавань | Галлюцинация | Галлюциноген | Галстук | Герметичность | Говорящий с мертвыми | Горящий дом | Готика | Граммофон | Гробница | Двусмысленный финал | Двухъярусная кровать | Девочка | Дезинтеграция | Держать на прицеле | Детектив | Детоубийство | Джип | Дождь | Док | Дом сумасшедших | Дом у озера | Допрос | Душ | Женоубийство | Женщина - серийный убийца | Женщина-психопат | Женщина-убийца | Жестокость | Заблуждение | Забор | Заговор | Зажжение спички | Зажигание сигареты | Замедленная сцена | Заместитель федерального маршала | Записка | Записная книжка | Застреленный | Затопление здания | Значок | Игра в догонялки | Игра на запоминание | Играть роль | Игрушечное оружие | Игрушечный водяной пистолет | Избиение | Изменение личности | Иллюзия | Интервью | Инъекция | Истерия | Исчезновение | Казнь | Камера пыток | Капитан | Кладбище | Клетка | Колючая проволока | Колющий удар в руку | Комплекс вины | Концентрационный лагерь | Корабль | Кошмарные сцены | Крепость | Крепость на острове | Кричащая женщина | Кровавое лицо | Кровь | Крыса | Культовый фильм | Курение сигарет | Курение сигары | Курение трубки | Лагерь смерти | Лекарство | Лес | Ливень с ураганом | Лицевые травмы | Лицо со шрамом | Личная вендетта | Лобковые волосы | Лоботомия | Лодка | Ложь | Мавзолей | Магнитофон | Маниакальная депрессия | Маньяк-убийца | Массовое убийство | Маяк | Медицинский эксперимент | Медсестра, медбрат | Мертвая женщина | Мертвые дети | Мертвый ребёнок | Мертвый человек | Местоположение в оригинальном названии | Месть | Мигрень | Мокрая одежда | Молния | Море | Морская болезнь | Мужская нагота | Мужская нагота (вид спереди) | Мужские лобковые волосы | Мягкая фетровая шляпа | Мёртвая девочка | Мёртвое тело | Название, сказанное персонажем | Нападение | Наручники | Находящийся в заблуждении | Нацист | Нацистский концентрационный лагерь | Немецкая речь | Немецкий доктор | Немецкий солдат | Ненастоящая личность | Неожиданный сюжетный поворот | Неожиданный финал | Неонуар | Неопределённость | Нет титров в начале фильма | Нисходящая спираль | Обернутый в полотенце | Облава | Обман | Обрыв | Огнестрельное оружие | Огонь | Огромные волны | Окровавленное тело ребенка | Операция на головном мозге | Оригинальное название из двух слов | Оскорбление на расовой почве | Особо опасный сумасшедший | Остров | Отверстие в груди | Отвлекающий манёвр | Отключение электроэнергии | Отношения коллег | Отношения мужа и жены | Отчаяние | Охрана | Память | Паранойя | Паром | Пациент с психиатрическим заболеванием | Пепел | Перерезание телефонной линии | Персонаж признаётся в любви | Пещера | Пироманьяк | Пистолет | Плач | Плачущая женщина | По мотивам романа | Побег из тюрьмы | Подвал | Поджигание | Поджигатель | Поджог | Подожжённая машина | Подозреваемый нацист | Подозрение | Покрывательство | Покрытый кровью | Полицейский напарник | Полное отключение электроэнергии | Полностью обнаженный мужчина | Порт | Постмодерн | Поцелуй | Преследование пешком | Прилив | Принимающий душ | Принятие таблеток | Пристанище | Продолжительный крик «нет» | Промывка мозгов | Пропавший человек | Прослушивание музыки | Пруд | Психиатр | Психиатрическая лечебница | Психически больной | Психическое заболевание | Психоз | Психолог | Психологическая травма | Психологический | Психологический триллер | Психология | Психопат | Психотерапевт | Психотерапия | Психотропный препарат | Пыль | Пытки | Радио | Разговаривающий с мёртвым телом | Разговор с мертвыми | Разговор с умершим | Расист | Раскрытие тайны | Расследование | Расследование ФБР | Расстройство множественной личности | Расщепление личности | Рвота | Револьвер | Регрессия | Резня | Рисование | Ругательство на букву «F» | Сад | Самозванец | Самообман | Санитар в психиатрической клинике | Саспенс | Свидетель | Секретный эксперимент | Серийный убийца | Серое небо | Сестра в психиатрической клинике | Склеп | Следователь | Служитель закона | Смерть | Смерть от оружейного выстрела | Смерть от утопления | Смерть ребенка | Смерть ребёнка | Смерть семьи | Снег | Сновидение | Солдат | Сон внутри сна | Сон, мечта | Спичка | Сторонник порядка | Страшный сон | Сюрреализм | Тайна | Тайный план | Татуировка | Темная и дождливая ночь | Теория заговора | Терапия | Торазин | Травма | Тревога | Тройное убийство младенцев | Труп | Тюремная камера | Тюремное заключение | Тюремный начальник | Тюремный охранник | Тюрьма | Убежище в пещере | Убежище для особо опасных сумасшедших | Убийство | Убийство ребенка | Убийство утоплением | Удар по лицу | Удушение | Узнающий правду | Упавшее дерево | Упоминание Адольфа Гитлера | Упоминание Бога | Упоминание Густава Малера | Упоминание Франца Кафки | Упоминание Эдгара Гувера | Ураган | Уродство | Успокоительное средство | Утонувший ребенок | Утопление | Федеральный маршал | Философский разговор | Флешбэк | Фонограф | Форт | Фотография | Холодная война | Холокост | Цепь | Чирканье спичкой | Чувство вины | Шарада | Шизофрения | Шприц | Шрам | Шрам на лице | Шторм | Эксперимент | Экспериментальное лечение | Эксперименты над людьми | Электрическая изгородь",//avatars.mds.yandex.net/get-kinopoisk-image/4303601/617303b7-cfa7-4273-bd1d-63974bf68927/300x450
Зеленая миля,"Пол Эджкомб — начальник блока смертников в тюрьме «Холодная гора», каждый из узников которого однажды проходит «зеленую милю» по пути к месту казни. Пол повидал много заключённых и надзирателей за время работы. Однако гигант Джон Коффи, обвинённый в страшном преступлении, стал одним из самых необычных обитателей блока.","драма, фэнтези, криминал","1930-е | Беспокойство | Блокбастер | Высшая мера наказания (смертная казнь) | Горькая радость | Дом престарелых | Духовное исцеление | Закадровый текст | Заключенный | Идеальная справедливость | Искупление вины | Казнь | Камера смертников | Кинопроектор | Луизиана | Мочевая инфекция | Мышь | Название, сказанное персонажем | Намочить штаны | Наркотический напиток | Неожиданная концовка | Нет титров в начале фильма | Огнестрельное оружие | Опухоль головного мозга | Оскорбление на расовой почве | Осуждённый по ошибке | Плевок в лицо | По мотивам романа | Пожилой | Против смертной казни | Психиатрическая больница | Расизм | Расовая несправедливость | Садизм | Сверхъестественное | Символ Мессии | Смертельная болезнь | Смертная казнь | Смирительная рубашка | Состояние ступора | Стивен Кинг | Стрельба | Сцена мочеиспускания | Трагедия | Трагический герой | Трагический финал | Трус | Тюремная драма | Тюремный охранник | Тюрьма | Убийство | Флешбэк | Христианство | Цвет в названии | Целитель | Человеческие отношения | Чудо | Экстрасенсорное восприятие | Электрический стул | Юг США",//avatars.mds.yandex.net/get-kinopoisk-image/1599028/4057c4b8-8208-4a04-b169-26b0661453e3/300x450
Джентльмены,"Один ушлый американец ещё со студенческих лет приторговывал наркотиками, а теперь придумал схему нелегального обогащения с использованием поместий обедневшей английской аристократии и очень неплохо на этом разбогател. Другой пронырливый журналист приходит к Рэю, правой руке американца, и предлагает тому купить киносценарий, в котором подробно описаны преступления его босса при участии других представителей лондонского криминального мира — партнёра-еврея, китайской диаспоры, чернокожих спортсменов и даже русского олигарха.","криминал, комедия, боевик","Автомобильная погоня | Актерский ансамбль | Американец в Великобритании | Антигерой | Боевое насилие | Британец | Выстрел в голову | Гангстер | Героин | Закадровый голос | Компьютер | Лондон, Англия | Марихуана | Монтаж | Мочеиспускание на мертвое тело | Наблюдение за кем-то | Наркобарон | Наркотики | Неонуар | Ноутбук | Огнестрельное оружие | Организованная преступность | Отморозок | Отношения мужа и жены | Отравление | Парень-подросток | Погоня | Попытка изнасилования | Похищение людей | Поцелуй | Предательство | Преследование | Пролог | Просмотр видео на компьютере | Распитие спиртных напитков | Рукопашный бой | Свинья | Стадион | Сцена стрельбы | Сценарий | Текст на экране | Телефонный звонок | Фотоаппарат | Фотографирование | Шантаж | Шумная ссора",//avatars.mds.yandex.net/get-kinopoisk-image/1599028/637271d5-61b4-4e46-ac83-6d07494c7645/300x450
Властелин колец: Возвращение короля,"Повелитель сил тьмы Саурон направляет свою бесчисленную армию под стены Минас-Тирита, крепости Последней Надежды. Он предвкушает близкую победу, но именно это мешает ему заметить две крохотные фигурки — хоббитов, приближающихся к Роковой Горе, где им предстоит уничтожить Кольцо Всевластья.","фэнтези, приключения, драма, боевик",Аванпост | Актерский ансамбль | Армия | Битва | Босиком | Волшебник | Вулкан | Вулканическое извержение | Главный герой мужского пола | Гонка со временем | Гора | Дерево | Добро против зла | Жестокость | Засада | Камин | Квест | Кольцо / ринг | Королевский | Король | Лава | Мертвое дерево | Мужество | Орк | Поклон | Проклятие | Путешествие | Руины | Сигнал | Сиквел | Смерть | Средиземье | Судьба | Третья часть (триквел) | Трон | Фехтовальщик | Хоббит | Чувство ненависти | Эпопея,//avatars.mds.yandex.net/get-kinopoisk-image/4303601/e410c71f-baa1-4fe5-bb29-aedb4662f49b/300x450
Гарри Поттер и узник Азкабана,"Гарри, Рон и Гермиона возвращаются на третий курс школы чародейства и волшебства Хогвартс. На этот раз они должны раскрыть тайну узника, сбежавшего из тюрьмы Азкабан, чье пребывание на воле создает для Гарри смертельную опасность.","фэнтези, приключения, семейный","Автобус | Беглец | Белая сова | Близнец | Блокбастер | Больница | Ведьма | Возвращение персонажа в исполнении другого актера | Волшебная книга | Волшебная метла | Волшебная палочка | Волшебная формула | Волшебник | Волшебство | Вымышленный вид спорта | Гадание | Герой тинэйджеров | Гигантский паук | Гиппогриф | Гнев | Готика | Грифон | Девушка-подросток | Детский хор | Директор школы | Добро против зла | Друг | Дружба | Жаба | Живое дерево | Живой портрет | Заключение в тюрьму | Закрытое учебное заведение | Замок | Злой волшебник | Измененный логотип студии | Имя персонажа в оригинальном названии | Карта | Колдовство | Колдунья-подросток | Кошка | Крестный отец | Крыса | Культовая фигура | Культовый фильм | Лазарет | Лес | Лестница Эшера | Летающая метла | Логотип студии в фильме | Лучший друг | Магический кристалл | Мальчик в очках | Меланхолия | Мифология | Надувание (вздутие) | Наследственная способность колдовства | Невидимость | Неожиданная концовка | Неправомерное осуждение | Нет титров в начале фильма | Оборотень | Образ отца | Обратный ход времени | Общий обеденный зал | Объявление о розыске | Оживающий портет | Ожирение | Олень | Оригами | Оскорбление на расовой почве | Отношения учителя и ученика | Падение с высоты | Палач | Парень-подросток | Первая встреча в поезде | Плавающий, парящий | По мотивам романа | Побег из тюрьмы | Подслушивание | Поезд | Поездка на автобусе | Полнолуние | Полёт | Предатель | Предательство | Предположительно мертвый | Предсказание | Предсказание по чаинкам | Призрак | Произношение кокни | Профессор | Путешествие во времени | Раздутое тело | Ребенок в опасности | Ручка щетки | Серийный убийца | Сиквел | Смертный приговор | Снег | Собака | Сова | Страх | Строгий учитель | Суррогатный отец | Тайный коридор | Темное фэнтези | Толстая женщина | Трансформация | Третья часть (триквел) | Тыква | Тьма | Уход в отставку | Фаворитизм | Хор | Человек, превращающийся в животное | Школьная жизнь | Шрам | Эпилепсия",//avatars.mds.yandex.net/get-kinopoisk-image/4303601/3eabac99-fb98-4b12-ba9f-6172782d54c6/300x450
В августе 44-го,"Лето 1944. До Великой Победы остается еще около года. Белоруссия уже освобождена, однако с ее территории регулярно выходит в эфир группа лазутчиков, передавая врагам очень важную информацию о советских войсках. На поиски шпионов, в район регулярных выходов в эфир запеленгованной рации, был послан отряд разведчиков, во главе с офицером СМЕРШа.","боевик, триллер, драма, детектив, военный",1940-е | 1944 год | Беларусь | Великая Отечественная война | Вторая мировая война | Месяц в оригинальном названии | По мотивам романа | Русский солдат | Ручное огнестрельное оружие | Шпион,//avatars.mds.yandex.net/get-kinopoisk-image/4303601/afb8b5d1-6afd-4087-8bbe-abb79e39f328/300x450
Джанго освобожденный,"Шульц — эксцентричный охотник за головами, который выслеживает и отстреливает самых опасных преступников. Он освобождает раба по имени Джанго, поскольку тот может помочь ему в поисках трёх бандитов. Джанго знает этих парней в лицо, ведь у него с ними свои счёты.","вестерн, боевик, драма, комедия",Беглый раб | Бывший раб | Выстрел в лошадь | Дантист | Динамит | Женская нагота | Жестокость | Исторический вымысел | Исторический ревизионизм | Ку-клукс-клан | Месть | Миссиссипи | Мужская нагота | Нападение собаки | Небольшой крупнокалиберный пистолет | Неоднократные выстрелы | Один против всех | Опытный стрелок | Освобожденный раб | Оскорбление на расовой почве | Охотник за головами | Плантация | Порка | Преследование | Пытки | Раб | Рабство | Расизм | Расовое насилие | Расовый стереотип | Садизм | Свобода | Слово на «N» | Спасательная миссия | Спасение | Техас | Упоминание Зигфрида и Брунгильды | Цепи | Человеческий череп | Яички,//avatars.mds.yandex.net/get-kinopoisk-image/1898899/401c67e4-5047-42c2-8668-aeda39da529f/300x450
Малышка на миллион,"Тренеру по боксу Фрэнку Данну так и не удалось воспитать чемпиона. Он владеет спортивным залом в Лос-Анджелесе, где всё ещё проводит тренировки. Дочь не отвечает на его письма, а его лучший боец подписал контракт с другим менеджером. Неожиданно в жизни Фрэнка появляется Мэгги Фицжеральд, 31-летняя официантка, мечтающая стать боксером. Фрэнк не желает тренировать женщину, но упорство Мэгги заставляет его передумать. Впереди - их главное сражение, требующее собрать в кулак всю волю и мужество.","драма, спорт",Адреналин | Ампутация | Бедность | Благосостояние | Бокс | Боксер | Главный герой - женщина | Женщина-боксер | Женщина-официант | Закадровый голос | Зал для занятий боксом | Зверство | Католик | Католическая церковь | Менеджер | Молитва | Название из трех слов | Неудачник | Озвучивание текста письма | Оскорбление на расовой почве | Отношения матери и дочери | Помощь при самоубийстве | Попытка самоубийства | Просмотр бокса по телевизору | Разница в возрасте | Рассказ от лица одного из героев | Решимость | Священник | Семейный конфликт | Сильная героиня | Сломанный нос | Смерть | Смерть главного героя | Спортсменка | Трагедия | Тренер по боксу | Тренировка | Удар локтем в лицо | Упоминание Микки Мауса | Фильм про бокс | Чувство вины | Эвтаназия,//avatars.mds.yandex.net/get-kinopoisk-image/9784475/4c6a018e-1cee-4f83-bd17-25f0dc99f28e/300x450
Пеле: Рождение легенды,История стремительного восхождения талантливого мальчика Пеле из трущоб Сан-Паулу - от дворовой босоногой команды до победы на Чемпионате мира.,"биография, спорт, драма",1950-е | Девочка | Закадровый комментарий в эпилоге | Имя персонажа в оригинальном названии | Кадры из реальной жизни в концовке | Множественные временные рамки | Нелинейное повествование | Основано на реальных событиях | Отношения отца и сына | Телевидение | Фильм заканчивается реальными фотографиями | Швед,//avatars.mds.yandex.net/get-kinopoisk-image/1599028/fa81d84c-9c37-4404-87bf-5d14efe188a5/300x450
Укрощение строптивого,Категорически не приемлющий женского общества грубоватый фермер вполне счастлив и доволен своей холостяцкой жизнью. Но неожиданно появившаяся в его жизни женщина пытается изменить его взгляды на жизнь и очаровать его.,"мелодрама, комедия","Баскетбол | Баскетбольный матч | Без бюстгалтера | Бензозаправка | Грудь (вид сбоку) | Двое, заигрывающие ногами с одним | Женская нагота | Женщина топлесс | Женщина, заигрывающая с женщиной ножкой | Женщина, заигрывающая с мужчиной ножкой | Заигрывание | Заигрывание под столом | Италия | Кровать | Не состоящий в браке | Ожерелье | Охотничий отряд | Пояс с подвязками | Раздевающаяся женщина | Серьга | Фермер | Черные трусы | Чулки",//avatars.mds.yandex.net/get-kinopoisk-image/1599028/76df764b-1c8b-4bc2-a822-fb2cf1afe2e3/300x450
Вторая жизнь Уве,"Уве - пожилой въедливый ворчун, достающий соседей вечными придирками. Он впадает в ярость при виде брошенного не туда мусора или неправильно припаркованной машины. И кроет на чем свет стоит легкомысленную семейку новосёлов, в которой папаша и гвоздя вбить не способен. Зато Уве умеет всё. В доме и в гараже у него всегда идеальный порядок. Как и в мыслях. Вот только жизнь давно перестала иметь для него смысл.","драма, мелодрама, комедия",Автобусная авария | Автомобиль Saab | Белые мужские плавки-трусы | Беременная женщина | Беременность | Больница | Брифы (плавки) | Букет цветов | Бычок (сигаретный) | Вдовец | Велосипед | Гнев | Горе | Закадровый голос | Замедленная сцена | Иранец | Испорченное самоубийство | Кошка | Младшая версия героя | Нелинейное повествование | Отношения мужа и жены | Отношения отца и сына | Отношения соседей | Отпуск | По мотивам романа | Попытка самоубийства | Потеря жены | Потеря любимого человека | Потеря матери | Потеря отца | Похороны | Прошлое и настоящее | Скряга | Спасение | Старый ворчун | Суицидальные мысли | Цветы | Швеция,//avatars.mds.yandex.net/get-kinopoisk-image/4716873/0d39048c-01ec-4e1f-a376-7581387c77df/300x450
Одна жизнь,"Скромного и непубличного джентльмена Николаса Уинтона приглашают на телевизионное ток-шоу, где он наконец-то узнает всю правду о событиях Второй мировой войны, когда он пытался спасти сотни детей от гибели в концлагере. Одна жизнь может изменить судьбы сотен людей — как в прошлом, так и в настоящем.","драма, биография, история",1930-е | 1938 год | 1940-е | Бассейн | Биржевой маклер | Британец за границей | Венгр | Виза | Вторая мировая война | Герои с реальными прототипами | Гуманист | Девочка | Еврейский | Европейская история | Ксенофобия | Мировая война | Младшая версия героя | Основано на жизни реального человека | Основано на реальных событиях | Просмотр телевизора | Ресторан | Спасение чужой жизни | Телеграмма | Упоминание Адольфа Гитлера | Филантроп | Филантропия | Фотография | ХХ век | Чешская история,//avatars.mds.yandex.net/get-kinopoisk-image/9784475/4564801f-fe39-4493-b042-98038357d242/300x450
Дюна: Часть вторая,"Герцог Пол Атрейдес присоединяется к фрименам, чтобы стать Муад Дибом, одновременно пытаясь остановить наступление войны.","фантастика, боевик, драма, приключения","Актерский ансамбль | Альбинос | Амбиции | Амфитеатр | Арена | Армия | Барон | Без сознания | Беременная женщина | Беременность | Беспощадность | Бинокль | Битва | Битва на мечах | Блокбастер | Боец сопротивления | Бой | Бой на смерть | Бомба | Борец за свободу | Борода | Борьба с системой | Будущее | Вера | Взрыв | Взрывающееся тело | Видение будущего | Видения | Винтовка | Власть / энергия | Вода | Возвращение с того света | Возвращение убитого персонажа | Воин | Воскрешение | Вторая часть | Вымышленная война | Выстрел в грудь | Галактика | Герцог | Гигантский червь | Гигантское существо | Главный герой мужского пола | Голограмма | Голубые глаза | Грызун | Дворец | Двусмысленный финал | День рождения | Дневник | Добро против зла | Достижение совершеннолетия | Дуэль | Дюна | Женская рвота | Женский плач | Женщина убивает мужчину | Женщина-боец | Женщина-воин | Жестовый язык | Жестокость | Животное | Заколотый насмерть | Замедленная сцена | Зародыш | Засада | Звездолёт | Зверство | Знание | Избранный | Император | Инопланетянин | Использование оружия двумя руками одновременно | Исследование | Камео | Колющий удар в горло | Колющий удар в грудь | Колющий удар в спину | Колющий удар в шею | Комбайн | Контрабандист | Контроль | Контроль над разумом | Космическая опера | Космические приключения | Космический вестерн | Космический корабль | Кровь | Крутая девчонка | Крутой парень | Курение | Лазер | Лазерное оружие | Левитация | Лидер | Лысый человек | Любовный интерес | Любовь | Манипуляция | Мать | Между жизнью и смертью (клиническая смерть) | Межрасовые отношения | Мессия | Месть | Меч | Младенец | Моление | Молодой человек | Монстр | Монтаж | Мужчина с обнаженной грудью | Муравей | Мышь | Мёртвое тело | Надежда | Наскальные рисунки | Наследник трона | Научное фэнтези | Нет титров в начале фильма | Нож | Обман | Огнемет | Один против всех | Опасность | Орнитоптер | Оружие массового уничтожения | Открытый космос | Отношения дяди и племянника | Отношения матери и сына | Отношения отца и дочери | Отравленный напиток | Падение с высоты | Паланкин | Палатка | Партизанская война | Перелом шеи | Перестрелка | Песок | Песчаная буря | Пещера | Пилот | Планета | Плач | Племя | По мотивам книги | По мотивам романа | Побег | Подразумеваемый секс | Поклонение | Поле боя | Поножовщина | Попытка убийства | Поцелуй | Поцелуй двух мужчин | Поцелуй между людьми разных национальностей | Предостережение | Предположительно мертвый | Приветствие толпы | Принцесса | Приход к власти | Произнесение нараспев | Пророк | Пророчество | Психованный | Психотронный фильм | Пустынная планета | Пустыня | Разоружение кого-либо | Разработка месторождения (горное дело) | Разрушение | Раса воинов | Раскрытие тайны | Рвота | Рейд | Решающая схватка | Ритуал | Родитель | Родословная | Руководство | Саботаж | Самолет | Саспенс | Сверхъестественные способности | Святая война | Сиквел | Силовое поле | Сильная героиня | Символ Мессии | Смерть | Соблазн | Совет | Солдат | Солнце | Сон, мечта | Сопротивление | Социопат | Спасение | Специя | Сражение | Стадион | Стилизованное насилие | Стояние на коленях | Страх | Судьба | Суеверие | Существо | Сцена с субтитрами | Сцена стрельбы | Татуировка | Татуировка на лице | Телепатия | Трансформация | Тренировка | Трико | Трон | Труп | Убийство | Угроза ножом | Удар камнем | Удар по голове прикладом | Ударенный ножом | Финальная битва | Храм | Червь | Черно-белая сцена | Честолюбивый человек | Чтение мыслей | Шпион | Шрам | Щит | Экшен-сцена в начале фильма | Электронная музыка в саундтреке | Эпическая битва | Эпопея | Яд | Ясновидение",//avatars.mds.yandex.net/get-kinopoisk-image/9784475/0c67265b-6631-4e25-b89c-3ddf4e5a1ee7/300x450
Отступники,"Два лучших выпускника полицейской академии оказались по разные стороны баррикады: один из них — агент мафии в рядах правоохранительных органов, другой — «крот», внедрённый в мафию. Каждый считает своим долгом обнаружить и уничтожить противника.","криминал, драма, триллер","2000-е годы | CD | CD-плеер | XXI век | Автомобильная авария | Агент ФБР | Азиатский гангстер | Актерский ансамбль | Американец индейского происхождения | Американец ирландского происхождения | Американец итальянского происхождения | Американец китайского происхождения | Американец пуэрториканского происхождения | Американский флаг | Арест | Архивные пленки | Аэропорт | Бар | Бассейн | Бег | Безвыходное положение | Бейсболка | Бензозаправка | Береговая линия | Беременность | Бесплодие | Беспощадность | Беспроводный сигнал | Бильярдный стол | Блондинка | Бой | Болото | Боль | Больница | Большой город | Бостон, Массачусетс | Брызги крови | Брюнетка (брюнет) | Будвайзер | Валиум | Вещевой мешок | Взрыв | Взрывающаяся машина | Влагалище | Вода | Военная тайна | Вооружённый | Вступительное закадровое повествование | Вуайеризм | Вуайерист | Выброшенный из здания | Выплата денег рекетирам (в целях «защиты» от их  нападок) | Выстрел в голову | Выстрел в грудь | Выстрел в колено | Выстрел в лицо | Выстрел в лоб | Выстрел в ногу | Вышибала | Вышибание двери | Гангстер | Гангстерская казнь | Гангстерское насилие | Гарвард (универститет) | Гаррота | Героин | Герой | Глава банды | Главный герой мужского пола | Глушитель | Гнев | Голая женщина (вид сзади) | Гольф | Гольф-клуб | Гордость | Граффити | Гроб | Грузчик | Губернатор | Двойная жизнь | Двустороннее зеркало | Дело | Деньги | Держать на прицеле | Детектив | Длинный кадр | Добро против зла | Дождь | Док | Документальные кадры | Дом | Домашнее насилие | Доносчик | Допрос | Драка на кулаках | Дробовик | Друг | Дружба | Душ | Еда | Женская нагота | Жестокость | Живущий с бабушкой | Забитый насмерть | Заброшенное здание | Заброшенный склад | Задрапированный флагом гроб | Зажигалка | Закусочная | Засада | Застреленный | Зверство | Злодей | Змея | Значок | Зубочистка | ИРА | Идущий под дождем | Избиение | Импотенция | Иностранный язык без субтитров | Интервью | Информатор | Ирландская мафия | Ирландский акцент | Ирландский гангстер | Истекающий кровью | Итальянский гангстер | Кадет | Казнь | Казнь гарротой | Камера видеонаблюдения | Капитан | Кафе | Кафе-мороженое | Квартира | Кисть, отделенная от тела | Китай | Китайская мафия | Кладбище | Клюквенный сок | Кожаная куртка | Коза Ностра | Козлиная бородка (эспаньолка) | Кокаин | Коктейль Молотова | Колющий удар в грудь | Колющий удар в живот | Комиксы | Компьютер | Контршпионаж | Коррумпированный полицейский | Коррупция | Костюм ангела | Краб | Крик | Криминальный босс | Криминальный эпос | Кровавые сцены | Кровотечение из носа | Кровь | Кровь на рубашке | Крот | Крутой парень | Крыса | Крыша | Культовый фильм | Курение сигарет | Курсант полицейской академии | Кухня | Лекарство | Лимузин | Лифт | Лодка | Ложь | Любовный треугольник | Любовь | Манипуляция | Мафиозное заказное убийство | Мафиозо | Мафия | Машина | Машина скорой помощи | Мексиканская дуэль | Менструация | Мертвая женщина | Мертвый человек | Место преступления | Метро | Микрофон | Микрочип | Многоквартирный дом | Мобильный телефон | Монахиня | Монтаж | Мост | Муж, бьющий жену | Мужчина в наручниках | НАСА | Наблюдение | Название, сказанное персонажем | Нанесение себе огнестрельной раны | Нанесение удара ножом | Наркодилер | Наркодилерство | Наркотики | Наркотически зависимый | Наручники | Наставник | Наушники | Национальная безопасность | Наёмный убийца | Неверность | Неистовство | Неожиданный финал | Неонуар | Непристойный жест пальцем | Нет названия в начале | Нет титров в начале фильма | Нижнее белье | Новости | Нож | Нож в груди | Номер социального страхования | Ноутбук | Ночной магазин | Обман | Обнимание | Образ отца | Обручальное кольцо | Объект жилищного строительства | Огнестрельное оружие | Огонь | Ограбление | Один миллион долларов | Опасность | Опера | Операторский прием «Dutch Angle» | Оперный театр | Организованная преступность | Ордер | Оригинальное название из двух слов | Осведомитель | Оскорбление действием | Оскорбление на расовой почве | Отдел внутренних расследований | Отморозок | Отношения девушки и парня | Отношения дяди и племянника | Отсутствие выживших | Очки | Падение с высоты | Паническая атака | Параллельный монтаж | Патрульный | Певец | Пейджер | Пение | Переводчик | Перевязанная рука | Перестрелка | Переулок | Перчатки | Пестик для колки льда | Пинок ногой | Пистолет | Плач | Плачущий мужчина | Плюющийся кровью | Пляж | Повязка для руки | Погоня | Под прикрытием | Поджог | Подожжённая машина | Поезд | Пожарный | Показать средний палец | Полицейская академия | Полицейская коррупция | Полицейская машина | Полицейская облава | Полицейская перестрелка | Полицейская подготовка | Полицейская слежка | Полицейский | Полицейский значок | Полицейский против полицейского | Полицейский участок | Полиция | Полиция штата | Помповый дробовик | Порванная рубашка | Порка | Порно театр | Постмодерн | Потасовка | Потерянная личность | Похоронная церемония | Похороны | Похороны полицейского | Поцелуй | Поцелуй во время секса | Поцелуй двух женщин | Предательство | Предписание | Преследование | Преследование подозреваемого | Преступная группировка | Преступная организация | Преступник | Преступный мир | Преступный мир / преисподняя | Преступный синдикат | Пригородный поезд | Признание | Принятие пищи | Продвижение по службе | Пролог | Прослушивание телефонных разговоров | Просмотр оперы | Просмотр порно | Просмотр телевизора | Просмотр фильма | Проститутка | Просьба убить | Пружинный нож | Психиатр | Психоанализ | Пулемет | Пытки | Пьянство | Разбитое стекло | Разрушение | Рана | Расизм | Расовые предрассудки | Распитие спиртных напитков | Рассказ от лица одного из героев | Расследование | Ревность | Револьвер | Река | Реклама товара в кино | Религия | Ремейк азиатского фильма | Ремейк китайской картины | Ресторан | Риелтор | Римейк | Рисование | Самолет | Самообман | Свидание | Свидание с ужином | Свидетель | Свист | Связанные за спиной руки | Связанный, с кляпом во рту | Связь на стороне | Священник | Северная Америка | Сердечный приступ | Сержант полиции | Сирота | Склад | Слайд-шоу | Сломанная рука | Случайное убийство | Смерть | Смерть главного героя | Смерть друга | Смерть матери | Смерть от падения с высоты | Солнцезащитные очки | Сомнение | Сонограмма | Спальня | Спор | Старик | Страховая выплата | Стрельба | Стреляная рана | Суеверие | Суицидальные мысли | Сумка | Сумка с деньгами | Сцена стрельбы | Таблетки | Тайвань | Таран | Татуировка | Театральная ложа | Текстовое сообщение | Телевизионный монитор | Телефон-раскладушка | Телефонный звонок | Техника съемки из эры немого кино «Iris shot» | Толпа ирландцев | Торговец оружием | Торговля наркотиками | Травма головы | Триада | Трусики «танга» | Туннель | Тюрьма | Убежище | Убийство | Убийство главного героя | Убийство офицера полиции | Убийство полицейского | Увеличительное стекло | Уголовник | Удар коленом в пах | Удар по голове бутылкой | Удар по лицу | Удушение | Ужин | Узи | Уличная банда | Уличная перестрелка | Умирающий | Унижение | Упоминание Авраама Линкольна | Упоминание Брюса Ли | Упоминание Джеймса Джойса | Упоминание Джона Леннона | Упоминание Зигмунда Фрейда | Упоминание Иисуса Христа | Упоминание Макбет Шекспира | Упоминание Уильяма Шекспира | Уродство | Учебная стрельба | Фаллоимитатор | Флешбэк | Флешбэк во флешбэке | Фотоаппарат с фотовспышкой | Фотографирование | Фотография | Фургон | Христианин | Цветы | Церковь | Чувство вины | Чувство горечи | Школьный автобус | Шлепок | Шотландский акцент | Шпион | Шпионаж | Шрам | Шумная ссора | Шутка на тему секса | Экранизация | Элитный отряд | Этническая ненависть | Этнический конфликт | Юрист | Ярость",//avatars.mds.yandex.net/get-kinopoisk-image/1898899/f2c70176-43c8-4ca6-8f67-7119a2b73f19/300x450
Гарри Поттер и Дары Смерти: Часть II,"Битва между добрыми и злыми силами мира волшебников перерастает во всеобщую войну. Ставки ещё никогда не были так высоки, а поиск убежища — столь сложен. И, быть может, именно Гарри Поттеру придется пожертвовать всем в финальном сражении с Волан-де-Мортом.","фэнтези, детектив, приключения, семейный",Банк | Битва | Близнецы | Ведьма | Возвращение с того света | Волшебство | Герой | Господство террора | Достижение совершеннолетия | Дракон | Дружба | Замок | Злой волшебник | Змея | Кровь | Лес | Маловероятный герой | Мальчик-младенец | Маскировка | Меч | Огонь | Паук | Пляж | По мотивам романа | Подросток | Поезд | Призрак | Решающая схватка | Сиквел | Сильная героиня | Сильная женщина | Смерть | Смерть брата-близнеца | Смерть друга | Спасение | Учитель | Финальная битва | Эпилог,//avatars.mds.yandex.net/get-kinopoisk-image/4303601/82b5cc4a-18c7-4180-a98a-0c96528d63dd/300x450
Троя,"1193 год до нашей эры. Парис украл прекрасную Елену, жену царя Спарты Менелая. За честь Менелая вступается его брат – царь Агамемнон. Его армия под предводительством Ахиллеса подошла к Трое и взяла город в кровавую осаду, длившуюся долгих десять лет… Два мира будут воевать за честь и власть. Тысячи умрут за славу. И за любовь нация сгорит дотла.","боевик, история, драма, мелодрама","13-й век до Рождества Христова | Античность | Армия | Битва | Битва на мечах | Блокбастер | Блондинка (блондин) | Бог | Боевик | Боевые искусства | Бой | Бой на смерть | Большой город | Братство | Бренд человека | Брендинг | Бронзовый век | Броня | Брызги крови | Власть / энергия | Внезапное нападение | Внутренний двор | Военно-морской флот | Военный корабль | Воин | Вооруженные силы | Ворота | Вторжение | Вызов | Выстрел в ступню | Героизм | Герой | Главный герой мужского пола | Глубокая старость | Голая женщина (вид сзади) | Голый мужчина (вид сзади) | Гордость | Горящая стрела | Горящий город | Горящий человек | Грабеж | Грек | Греко-римская борьба | Греция | Греческая мифология | Групповое изнасилование | Дворец | Деревня | Длинные каштановые волосы | Длинные светлые волосы | Древний мир | Древняя Греция | Древняя Троя | Древняя цивилизация | Дуэль | Европа | Елена Троянская | Жадность | Жена, изменяющая мужу | Женская грудь | Женская нагота | Женская нагота (вид спереди) | Женщина топлесс | Женщина, снимающая платье | Жестокость | Жрица | Захват | Зверство | Изнасилование | Изнасилование в тюрьме | Империя | Кинжал | Колесница | Колющий удар в бок | Колющий удар в голову | Колющий удар в горло | Колющий удар в грудь | Колющий удар в лицо | Колющий удар в ногу | Колющий удар в плечо | Колющий удар в руку | Колющий удар в спину | Колющий удар мечом | Копьё | Корабль | Коридор | Королева | Королевство | Король | Кремация | Крик Вильгельма (звуковой эффект) | Кровавые сцены | Кровь | Лук и стрелы | Лучник | Лучший друг | Мародерство | Место в названии | Местоположение в оригинальном названии | Месть | Меч | Меч и магия | Миф | Мифология | Младенец | Молоток | Мужская нагота | Мужчина с обнаженной грудью | Мужчина, дающий пощечину женщине | Нагота (вид сзади) | Название города в оригинальном названии | Название, сказанное персонажем | Нарушенный договор | Неожиданный финал | Нет названия в начале | Нет титров в начале фильма | Нищенство | Нож | Обезглавливание статуи | Обман | Обряд | Обычай | Окруженный стеной город | Оправдание | Осквернение | Основано на реальных событиях | Отвага | Отношения кузенов | Отношения между братьями | Отношения мужа и жены | Отношения мужа/жены с родственниками второй половины | Отношения мужчины и женщины | Отношения отца и сына | Отношения свекра и снохи | Отступление | Отцовство | Падение с высоты | Палатка | Пеплум | Перерезание горла | План побега | По мотивам книги | По мотивам поэмы | По мотивам романа | Побег | Победа | Погребальный костер | Подарок | Подстреленный стрелой | Поле боя | Полностью обнаженная женщина | Полуобнаженная женщина | Порез ахиллова сухожилия | Последние слова | Постельная сцена | Потеря мужа | Потеря сына | Похороны | Поцелуй | Поцелуй во время секса | Поцелуй руки | Предательство | Принц | Принятый за другого | Протыкание | Прощание | Раб | Раздевание | Рана от удара мечом | Ритуал | Рукопашный бой | Самозванец | Самомнение | Свержение | Священник | Слава | Сломанная стрела | Смерть | Смерть брата | Смерть героя | Смерть главного героя | Смерть кузена / кузины | Смерть мужа | Смерть сына | Соглашение | Солдат | Сражение | Страх | Стрельба из лука | Супружеская измена | Сцена смерти | Торжество | Трагедия | Трагический герой | Троя | Троянец | Троянская война | Троянская империя | Троянский конь | Труп | Трус | Трусость | Убийство ребенка | Флот | Честь | Шаровая молния | Шов | Щит | Эгейское море | Экшен-сцена в начале фильма | Эпопея",//avatars.mds.yandex.net/get-kinopoisk-image/1704946/975ba4cc-161d-450b-9f2f-fc26018d36e4/300x450
Кин-дза-дза!,"Прораб Владимир Николаевич Машков и не подозревал, что обычный путь до универсама за хлебом и макаронами обернется межгалактическими путешествиями. А все эта встреча со странным босоногим человеком с каким-то маленьким устройством — «машинкой перемещения», как тот ее назвал. Владимир Николаевич нажал кнопку и оказался вместе со случайным попутчиком, студентом в кроличьей шапке, в пустыне — на планете Плюк в тентуре, галактика Кин-дза-дза в спирали.","фантастика, драма, комедия",Абсурдизм | Абсурдный юмор | Коробка спичек | Космический корабль | Космическое путешествие | Культовый фильм | Музыкант | Открытый космос | Планета | Повторение слов в оригинальном названии | Путешествие во времени | Сатира | Скрипка | Советский | Спичка | Спички | Сюрреализм,//avatars.mds.yandex.net/get-kinopoisk-image/1629390/4495b850-219d-4ca3-a2d8-ada7c8c2824f/300x450
Ла-Ла Ленд,"Это история любви старлетки, которая между прослушиваниями подает кофе состоявшимся кинозвездам, и фанатичного джазового музыканта, вынужденного подрабатывать в заштатных барах. Но пришедший к влюбленным успех начинает подтачивать их отношения.","мюзикл, драма, мелодрама, комедия, музыка","2010-е | Toyota Prius | XXI век | Автомобильный гудок | Автомобильный приёмник | Актриса | Аллитерационное название | Аплодисменты | Афроамериканец | Бар | Барабанщик | Барабаны | Басист | Бассейн | Белый спаситель | Библиотека | Бикини | Блик в объективе камеры | Большие мечты | В центре внимания | Вальс | Вандализм | Велосипед | Весна | Вечеринка | Вечеринка у бассейна | Видеокамера | Визажист | Вино | Воздушный поцелуй | Вымышленный эпизод | Выскочка | Галантерейщик | Гастроли | Глобус | Голливуд, Калифорния | Гольф-кар | Граммофон | Гримёрная | Девочка | Девушка мечты | Джаз | Джаз клуб | Джаз-банд | Джазовая музыка | Джазовый музыкант | Домашнее кино | Дорожная пробка | Драматург | Душ | Дымовая пожарная сигнализация | Женский туалет | Женщина-официант | За кулисами | Забавные эпизоды, приводящие к знакомству | Замедленная сцена | Запись (бумажная, аудио, видео) | Зеркало | Зима | Зрители | Игрушечный самолет | Извинение | Испаноязычный американец | Кастинг-менеджер | Кинотеатр | Клавиатура | Ключи от машины | Компромисс | Компьютер | Контракт | Концерт | Кофе | Кофейня | Курица в качестве еды | Левитация | Лето | Лифт | Лос-Анджелес, Калифорния | Маятник | Младенец | Мобильный телефон | Монтаж | Музыкальная группа | Музыкант | Мягкая фетровая шляпа | Навешивание ярлыков | Название из трех слов | Натурная съемочная площадка | Натыкающийся на кого-то | Небеса | Нелинейное повествование | Неожиданность | Непристойный жест пальцем | Нет титров в начале фильма | Ноги | Ночной клуб | Обратимый | Открытый космос | Отношения брата и сестры | Отношения девушки и её бывшего парня | Отношения девушки и парня | Отношения матери и дочери | Отношения мужчины и женщины | Отношения тети и племянницы | Отправка СМС | Отшельник (аскет) | Памятные вещи | Память | Париж, Франция | Певец | Пение | Пение в машине | Песня | Печальная концовка | Пианино | Пианист | Пирс | Писатель | Планетарий | Плачущая женщина | Повторение слов в оригинальном названии | Повторяющаяся сцена с разных точек зрения | Позирование | Показать средний палец | Постмодерн | Поцелуй | Поцелуй у всех на виду | Приготовление еды | Приходящая няня | Пролитый кофе | Пролог | Пронзительный крик | Прослушивание | Прослушивание музыки | Прослушивание радио в машине | Просмотр фильма | Прыжок в бассейн | Прыжок в реку | Пьеса | Пятно | Разделение экрана на части | Разрыв отношений | Репетиция | Родной город | Рождественская елка | Рождественская музыка | Рождественские украшения | Рождество | Саксофон | Саксофонист | Салют | Самба | Свадебное торжество | Свист | Скамейка | Скейтборд | Скейтбордист | Скоростная автострада со сквозным движением | Служебный вход | Создание фильма | Солнцезащитные очки | Сон, мечта | Сосед по комнате | Страсть | Стремление быть актрисой | Студия звукозаписи | Стук в окно | Съемка сверху | Съемочная площадка | Сюрреализм | Табурет | Танец на улице | Танцор | Танцы | Театр | Телефон | Телефонный звонок | Техника съемки из эры немого кино «Iris shot» | Тромбон | Труба | Трубач | Упоминание Джеймса Дина | Упоминание Ингрид Бергман | Упоминание Клеопатры | Упоминание Марлона Брандо | Упоминание Мэрилин Монро | Упоминание Хамфри Богарта | Упоминание Чарли Чаплина | Упоминание Ширли Темпл | Упоминание Элизабет Тэйлор | Утихомиривание | Уход с работы | Флешбэк | Флешфорвард | Фотоаппарат | Фотограф | Фотография | Фотосъемка | Хула-хуп | Цветы | Четыре сезона | Шампанское | Щелкание пальцами | Яркий цвет",//avatars.mds.yandex.net/get-kinopoisk-image/10835644/7e786437-eada-4d23-baea-f3a5ebf57e06/300x450
Война,"Аслан Гугаев, командир отряда чеченских боевиков, отпускает троих пленников: двух русских солдат, сержанта Ивана Ермакова и рядового Кулика — потому что они не контрактники, а призывники, и англичанина Джона Бойла — потому что он должен собрать два миллиона фунтов стерлингов и привезти деньги Гугаеву в качестве выкупа за свою невесту Маргарет. Маргарет остается у Аслана. Так же, как и капитан российской армии Медведев...","боевик, военный, история, драма",Британский турист | Военный офицер | Партизан | Повстанец | Похищение людей | Россия | Русский солдат | Спасение | Чечня,//avatars.mds.yandex.net/get-kinopoisk-image/1704946/7a06c242-ede9-4c91-a865-6a0f0b9c66eb/300x450
Молчание ягнят,"Психопат похищает и убивает молодых женщин по всему Среднему Западу. ФБР, уверенное, что все преступления совершены одним и тем же человеком, поручает агенту Клариссе Старлинг встретиться с заключенным-маньяком Ганнибалом Лектером, который мог бы помочь составить психологический портрет убийцы. Сам Лектер отбывает наказание за убийства и каннибализм. Он согласен помочь Клариссе лишь в том случае, если она попотчует его больное воображение подробностями своей личной жизни.","триллер, детектив, криминал, драма, ужасы",Агент ФБР женского пола | Главный герой - женщина | Голая женщина (вид сзади) | Зверство | Изверг | Каннибал | Каннибализм | Корзина | Культовый фильм | Лосьон | Манипуляция | Мотылёк | Ношение человеческой кожи | Переодевание в одежду человека другого пола | По мотивам деяний Эда Гейна | По мотивам книги | Поедание человеческой плоти | Потеря дочери | Похищение людей | Преследуемый воспоминаниями прошлого | Прибор ночного видения | Психолог | Психологический триллер | Психопат | Самоубийство | Сбежавший заключенный | Сбежавший убийца | Сдирание кожи | Серийное убийство | Серийный убийца | Сильная героиня | Сильная женщина | Тёмное прошлое | Убийство | Убийство офицера полиции | Шланг,//avatars.mds.yandex.net/get-kinopoisk-image/6201401/9c655ce1-2b59-4941-97aa-f9e928ed0ff4/300x450
Приключения Реми,"Удивительное путешествие по Франции маленького Реми в компании уличного музыканта, обезьянки и цирковой собаки.  Вместе им предстоит пережить неожиданные встречи, приключения и испытания, чтобы раскрыть тайну происхождения мальчика.","мелодрама, приключения, семейный",Аплодисменты | Арест | Арфа | Бородатый мужчина | Волк | Врач | Гостиница | Девочка | Деревня | Имя персонажа в оригинальном названии | Испытание | Кашель | Книга | Корова | Крик о помощи | Мальчик | Мальчик-певец | Мальчик-сирота | Название из трех слов | Обезьяна | Обучение | Озвучивание текста письма | Отношения мужа и жены | По мотивам романа | Полицейский | Приемная мать | Провинция | С завязанными глазами | Сиротский приют | Скрипач | Снежный буран | Торт | Туберкулез | Тюрьма | Флешбэк | Фонарь | Холодильник | Шторм,//avatars.mds.yandex.net/get-kinopoisk-image/1599028/3bb8ef0f-0230-4eeb-acb0-e2b44329de37/300x450
Шерлок Холмс и доктор Ватсон: Смертельная схватка,"Шерлок Холмс вступил в смертельную схватку с главарем английской преступности профессором Мориарти. В сети полиции попали все, кроме главаря, и друзья на время решили укрыться в тихой Швейцарии. Но от гнева Мориарти ещё не ускользал никто.","криминал, детектив",Имя персонажа в оригинальном названии | Иностранноязычная адаптация | По мотивам рассказа | Шерлок Холмс,//avatars.mds.yandex.net/get-kinopoisk-image/1629390/4faf245a-e3d4-4f41-9284-b23fa9e2cb69/300x450
Принцесса Мононоке,"Убив вепря, юный принц Аситака навлек на себя смертельное проклятие. Старая знахарка предсказала, что только он сам способен изменить свою судьбу, и отважный воин отправился в опасное путешествие. Так он оказался в загадочной стране, где люди под предводительством злой госпожи Эбоси воевали с обитателями леса: духами, демонами и гигантскими существами, каких Аситака раньше никогда не видел.","аниме, мультфильм, фэнтези, боевик, драма, приключения",2D-анимация | XV век | Бог | Боров | Волк | Герой | Гигантское животное | Говорящее животное | Гора | Движение в защиту окружающей среды | Демон | Дух | Женщина-воин | Крик Вильгельма (звуковой эффект) | Кровь | Культовый фильм | Лес | Лось | Меч | Моральная неопределённость | Ненависть | Обезьяна | Олень | Отношения человека и животного | Охрана окружающей среды | Плавание | Предубеждение | Преследование | Принц | Принцесса | Природа | Проказа | Проклятие | Против войны | Ручное огнестрельное оружие | Сильная женщина | Собака | Сострадание | Темное фэнтези,//avatars.mds.yandex.net/get-kinopoisk-image/10671298/0f8a0f49-c2e4-4d9e-a0dc-d8972b7a619f/300x450
Жестокий романс,"Действие разворачивается на берегу Волги в вымышленном провинциальном городке Бряхимове в 1877—1878 годах. Харита Игнатьевна Огудалова — дворянка хорошей и уважаемой фамилии, вдова с тремя взрослыми дочерьми, обеднела после смерти мужа, но делает всё, чтобы устроить жизнь дочерей и выдать их замуж за достаточно богатых и знатных женихов. В отсутствие средств она держит открытый дом, рассчитывая, что общество красивых и музыкальных барышень привлечёт холостых мужчин, достаточно богатых, чтобы жениться по любви на бесприданницах.","драма, мелодрама, история",Женщина | Исторический | Любовь | Мужчина | Надежда | Обман | По мотивам пьесы | Флирт,//avatars.mds.yandex.net/get-kinopoisk-image/1704946/92e0ce01-04c8-4aa5-92ab-a4a49274d58d/300x450
Загадочная история Бенджамина Баттона,"Фильм о мужчине, который родился в возрасте 80 лет, а затем… начал молодеть. Этот человек, как и каждый из нас, не мог остановить время. Его путь в ХХI век, берущий свое начало в Новом Орлеане в 1918 году в самом конце Первой Мировой войны, будет столь необычен, что вряд ли мог иметь место в жизни кого-либо другого. Фильм повествует о судьбе уникального человека, о людях и событиях, что ждут его впереди, о любви, которую он обретет и потеряет, о радостях жизни и грусти потерь и о том, что остается с нами вне времени.","драма, фэнтези",1910-е | 1920-е | 1930-е | 1940-е | 1950-е | 1960-е | 1970-е | 1980-е | 1990-е | 2000-е годы | XXI век | Больница | Ванна | Взрослый как ребенок | Взрослый ребенок | Вымышленная биография | Глубокая старость | Дневник | Дом престарелых | Железнодорожная станция | Заболевание | Закадровый голос | Имя персонажа в оригинальном названии | Исторический вымысел | Кожное заболевание | Любовь | Магический реализм | Мотоцикл | Музыка к фильму в исполнении оркестра | Нет названия в начале | Нет титров в начале фильма | Нью-Йорк | Оригинальное название из шести слов | Отношения мужчины старше и женщины моложе | Пианино | По мотивам рассказа | Повествование флешбэками | Преждевременное старение | Пуговица | Саундтрек с фортепьянной музыкой | Смерть | Старик | Уродливый ребенок | Флешбэк | ХХ век | Часовщик | Часы | Эпопея,//avatars.mds.yandex.net/get-kinopoisk-image/1704946/6ffcf4e6-d512-4eac-a404-7344f5371255/300x450
Назад в будущее 2,Продолжение фантастической истории о приключениях американского подростка во времени. На этот раз с помощью модернизированной Доком машины времени Марти из 80-х попадает в будущее.,"фантастика, приключения, боевик, комедия, семейный",1950-е | 1955 год | 1985 год | 2010-е | 2015 год | Аллея | Альтернативное время | Аркадная игра | Вторая часть | Герой | Девушка по соседству | Дива | Добро против зла | Задранная юбка | Захват промежности | Злодей | Машина | Машина времени | Младшая версия героя | Мультфильм по телевизору | Не в своей стихии | Ненормативная лексика | Переносная рация | Психотронный фильм | Путешествие во времени | Седые волосы | Солнечное затмение | Супружеская измена | Транспортное средство | Трон | Цифровая система Делориана номер 12,//avatars.mds.yandex.net/get-kinopoisk-image/1777765/01c1d758-900b-446a-8e0a-c76514b7afae/300x450
Вечера на хуторе близ Диканьки,"Веселая история про то, как в рождественскую ночь в украинском селе всех попутал бес и как могучему кузнецу Вакуле удалось одолеть нечистую силу и добыть для своей невесты царские черевички. Экранизация повести Н. В. Гоголя «Ночь перед Рождеством».","фэнтези, мелодрама, комедия",XVIII век | Ведьма | Гоблин | Демон | Деревня | Екатерина Великая | Исторический вымысел | Кузнец | Полет | Привязанность | Рождество | Российская империя | Сельская местность | Сказка | Снег | Тест | Туфли | Украина,//avatars.mds.yandex.net/get-kinopoisk-image/1946459/159718ab-4670-4ea4-8a87-4348ae06b9d6/300x450
Вам и не снилось...,"Школьники Роман и Катя тянутся друг к другу со всей безоглядностью первой любви. Мать Кати очень счастлива во втором браке и в озарении этого счастья хорошо понимает дочь. Роман находит поддержку у отца, давно и безответно любящего Катину маму. Но рядом ходят люди, ничего не знающие о любви...","драма, мелодрама",Ложь | Мелодрама | Мудрость | Небеса | Несправедливость | Правда | Природа | Судьба | Сумасшедшая любовь | Упоминание «Ромео и Джульетты» Шекспира | Школа,//avatars.mds.yandex.net/get-kinopoisk-image/1599028/0d59cea8-7f92-4d23-90a1-79d4485524fd/300x450
Мой Хатико,"Чунцин, начало 2000-х годов. Во время поездки за город с коллегами немолодой университетский преподаватель Чэнь подбирает на дороге грязного и испуганного щенка. Никто не соглашается взять пёсика себе, поэтому мужчине приходится втихаря принести его домой, хотя супруга терпеть не может собак. Пообещав, что найдёт щенку новый дом, Чэнь тем не менее отказывает всем претендентам — так пёс получает кличку Хатико и становится новым членом семьи.",драма,Азия | Китаец | Китай | Собака,//avatars.mds.yandex.net/get-kinopoisk-image/9784475/50e2559d-c29c-494b-b729-3961352e20bc/300x450
Гонка,"1970-е. Два непримиримых соперника в гонках «Формула-1» — обаятельный плейбой-англичанин Джеймс Хант и дисциплинированный перфекционист-австриец Ники Лауда — доводят себя до предела физической и психологической выносливости ради победы. Каждый из них стремится быть первым, а ошибка на трассе может стоить гонщикам жизни.","спорт, драма, биография","16-миллиметровая камера | 1970 год | 1970-е | 1975 год | 1976 год | 1986 год | Австралиец | Австралия | Австриец | Австрийский акцент | Австрия | Автогонки | Автограф | Автомобиль в огне | Автомобильная авария | Автомобильные гонки | Алкоголь | Англичанин | Англия | Аристократия | Архивные пленки | Аэродром | Бабник | Банк | Бельгия | Бетонированная площадка (перед ангаром) | Блик в объективе камеры | Болонья, Италия | Больница | Босой мужчина | Бразилия | Брак, женитьба | Британец | Британец за границей | Вена, Австрия | Вертолет Bell 2006 | Вертолёт | Вечеринка | Взрыв | Взрывающаяся машина | Визуализация | Винил | Виниловая пластинка | Внебрачный секс | Водитель | Водитель гоночной машины | Вождение | Вождение автомобиля | Вождение во время дождя | Возгорание | Враждебность | Врач | Газетная вырезка | Гедонизм | Гедонист | Гнев | Голая женщина (вид сзади) | Голосование | Голый мужчина (вид сзади) | Гонка со временем | Гонки на машинах | Гоночный автомобиль | Гоночный трек | Гонщик | Гора Фудзи | Гордость | Горючее | Горящий автомобиль | Граммофон | Двое в душе | Дисквалификация | Длиннохвостый попугай | Дождь | Дорожная авария | Дух соперничества | Душ | Еврокоптер As350 Squirrel | Европа | Женская нагота | Женщина топлесс | Жертва ожога | Журналист | Заголовок в газете | Зажигалка | Закадровый голос | Закадровый комментарий в эпилоге | Замедленная сцена | Замена шины | Знаменитость | Зонт | Ибица, Испания | Избиение | Изуродованное лицо | Интервью | Испания | История спорта | Италия | Итальянец | Кабина в самолете | Костюмная драма | Косяк с марихуаной | Кредит | Кровавое лицо | Кровотечение из носа | Кровь | Кровь из носа | Крупный план глаза | Крушение гоночного автомобиля | Купание нагишом | Курение сигарет | Лес | Лихачество за рулем | Личный черный янтарь | Лондон, Англия | Машина | Машина скорой помощи | Медсестра, медбрат | Между жизнью и смертью (клиническая смерть) | Менеджер | Месть | Механик | Минигольф | Миникупер | Монако | Монтаж | Монте-Карло | Мужественность | Мужская дружба | Мужская нагота | Нагота | Нападение | Наркотики | Нарциссизм | Неверность | Независимый фильм | Нелинейное повествование | Немец за рубежом | Неожиданный финал | Непристойный жест пальцем | Несчастливый брак | Несчастье | Нечувствительность | Новобранец | Новости | Нью-Йорк | Обожжённое лицо | Общий душ | Огнетушитель | Огонь | Одержимость | Ожоговая травма | Операция | Оригинальное название из одного слова | Освещение в СМИ | Оскорбление | Основано на жизни реального человека | Основано на реальных событиях | Особняк | Отношения девушки и парня | Отношения между братьями | Отношения мужа и жены | Отношения отца и сына | Очень крупный план | Пение в машине | Первый класс (в самолете) | Переговоры | Пиво | Плэйбой | Повествование флешбэками | Повреждение автомобиля | Пожарная машина | Показать средний палец | Поломка автомобиля | Полёт первым классом | Попутчик | Посещение больницы | Постельная сцена | Потеря права выкупа | Поцелуй двух мужчин | Предложение вступить в брак | Пресс-конференция | Принимающий душ | Проливной дождь | Просмотр телевизора | Профессиональная конкуренция | Птица в клетке | Путешествие автостопом | Пьянство | Развод | Разгоревшийся пожар | Разделение экрана на части | Разрыв отношений | Рана ноги | Рассказ от лица одного из героев | Рвота | Ревность | Реклама товара в кино | Риск | Ругательство на букву «F» | США | Самовлюбленный человек | Самолет | Свадьба | Секретарь | Секс в душе | Секс стоя | Скорость | Слава | Сломанная нога | Собрание | Солнцезащитные очки | Соперник | Соперничество | Сплетня | Спор | Спортивная травма | Старинная машина | Стоп-кадр | Стюардесса | Супермодель | Сцена под водой | Сцена с субтитрами | Съёмка от лица героя | Съёмка от первого лица | Телерепортер | Телефон | Телефонный звонок | Толпа репортеров | Торжество | Травма головы | Травма руки | Трофей | Тяжелый брак | Удар кулаком в живот | Удар по лицу | Упоминание Элизабет Тэйлор | Упрямство | Уродство | Феррари | Флешбэк | Флирт | Фокус камеры на женской попе | Формула 1 | Франция | Французский поцелуй | ХХ век | Чемпион | Чемпион мира | Чемпионат | Чувство ненависти | Шампанское | Шлем | Шуба | Электронная музыка в саундтреке | Эпизод со съемкой ступней | Южная Африка | Японец | Япония | Японский флаг",//avatars.mds.yandex.net/get-kinopoisk-image/1898899/2bf5ff35-e2d6-4e3e-8b02-c42526187d4f/300x450
Тот самый Мюнхгаузен,"Комическая фантазия о жизни, любви и смерти знаменитого барона Мюнхгаузена, жившего в XVIII веке и ставшего героем многих веселых книг и преданий, опирается на персонажей и эпизоды знаменитого романа Р. Распе, но по сути является самостоятельным произведением.","фэнтези, драма, комедия",Барон | Герцог | Жена | Женщина | Ложь | Любовь | Сказка,//avatars.mds.yandex.net/get-kinopoisk-image/1629390/15c9a24e-8f3b-4a09-9440-5d5c16d0ce7d/300x450
Казино,"Никто не может сравниться с Сэмом Ротстином. Никто не умеет зарабатывать деньги, как он. Никто не умеет работать так самоотверженно и аккуратно, как трудяга Сэм. За свои неоспоримые достоинства Ротстин получил кличку Ас. И именно поэтому боссы мафии решили поручить Асу заправлять огромным шикарным казино в Лас-Вегасе. А чтобы Сэму никто не мешал работать, мафиози отправили вслед за Асом друга детства Ротстина - Никки Санторо, отпетого бандита и безжалостного головореза.","драма, криминал","«Шестёрка» | 1970-е | 1973 год | 1980 год | 1980-е | 1983 год | Автобусная остановка | Автомобиль, начиненный взрывчаткой | Авторучка | Агент ФБР | Азартные игры | Американец итальянского происхождения | Американский Средний Запад | Американский еврей | Английские субтитры в оригинале | Антисемитизм | Араб | Аферист | Бандит | Бандитизм | Банковский сейф | Бассейн | Бейсбольная бита | Блокбастер | Богатая женщина | Богатство | Боль | Борьба за власть | Босс | Босс мафии | Брызги крови | Букмекер | Бутерброд | Вертолёт | Взлеты и падения | Взрыв | Взрывающаяся машина | Виза | Ворчливая жена | Вспыльчивость | Выпивка | Выстрел в висок | Выстрел в голову | Выстрел в грудь | Выстрел в спину | Гангстер | Гангстерская казнь | Гангстерское насилие | Глава банды | Глушитель | Горящий человек | Грабитель | Грубость | Деньги | Депрессия | Держать на прицеле | Домашнее насилие | Драгоценности | Дробовик | Друг детства | Дружба | Еврейский гангстер | Жадность | Жена, изменяющая мужу | Женская нагота | Женская нагота (вид спереди) | Женщина в депрессии | Жестокая мать | Жестокий человек | Жестокость | Забитый насмерть | Закадровый голос | Зал суда | Замедленная сцена | Застреленный | Застреленный насмерть | Зверство | Зло | Злоупотребление алкоголем | Игорный синдикат | Игра в гольф | Игра в карты | Игровой автомат | Игроголик | Игрок в азартные игры | Иерархия | Избиение | Избитый | Инвестиционный банкир | Инфорсер мафии | Итальянская еда | Итальянская мафия | Итальянский гангстер | Иудей | Казино | Канзас-Сити | Канзас-Сити, Миссури | Капитализм | Карточный долг | Карточный обман | Киллер | Ключ | Ключ от банковского сейфа | Ковбой | Ковбойская шляпа | Коза Ностра | Кокаин | Колющий удар в горло | Колющий удар в шею | Колющий удар ручкой | Коррумпированный политик | Коррупция | Коррупция в политике | Коста-Рика | Кража бриллиантов | Кража со взломом | Кредитор | Кризис в браке | Криминальная семья | Криминальный авторитет | Криминальный босс | Криминальный эпос | Кровь | Крупный мафиози | Крутой парень | Кукурузное поле | Культовый режиссер | Культовый фильм | Курение без остановки | Курение сигарет | Курсы гольфа | Лас-Вегас, Невада | Лицемерие | Личный черный янтарь | Лос-Анджелес, Калифорния | Мафиозное заказное убийство | Мафиозо | Мафия | Месть | Миллион долларов | Минет | Минет в машине | Молоток | Мормоны | Мошенник | Мундштук | Мучитель | Наблюдение | Нагота | Название прописью | Название, сказанное персонажем | Наличные деньги | Наркотическая зависимость | Наёмный убийца | Незаконная деятельность | Нео-вестерн | Неонуар | Несколько рассказчиков | Нечестная азартная игра | Нюханье кокаина | Ограбление | Операторский прием «Dutch Angle» | Опьянение | Оральный секс | Оральный секс в машине | Организованная преступность | Оригинальное название из одного слова | Оригинальное название, произносимое рассказчиком | Оскорбление | Оскорбление на расовой почве | Основано на реальных событиях | Отмывание денег | Отношения между братьями | Отношения мужа и жены | Офис | Передозировка | Передозировка наркотиками | Перестраховщик | Перфекционист | Плач | По мотивам книги | По мотивам романа | Повествование от первого лица | Повреждение автомобиля | Пограничное личностное расстройство | Подвязка | Подслушивающее устройство | Подъем тела в воздух | Покер | Полицейская слежка | Полиция | Постельная сцена | Похороненный заживо | Предательство | Преступная группировка | Преступная организация | Преступник | Преступный мир | Преступный мир / преисподняя | Преступный синдикат | Прибор для прослушивания телефонных разговоров | Привязанный к кровати | Продовольственный магазин | Проститутка | Проституция | Профсоюз | Психопат | Пустыня | Пытки | Пьяная жена | Пьянство | Разбитая голова | Раздавленная рука | Расследование ФБР | Реальное преступление | Ручное огнестрельное оружие | США | Садист | Садист-психопат | Сборщик долгов | Связанный | Сейф | Секс в кровати | Секс в машине | Сенатор | Сердечный приступ | Сигарета | Скандал на почве секса | Сломанная рука | Сломанный палец | Смерть | Смерть брата | Современный вестерн | Сопровождающая съемка | Спагетти | Спор | Старик | Стрекало для скота | Супружеская измена | Сутенер | Съемка в движении | Съемка сверху | Телеведущий | Телефон | Телефонный звонок | Техника съемки из эры немого кино «Iris shot» | Токсикомания | Толпа | Труд | Труп | Труп в багажнике | У актера то же имя, что и у героя | Убийство | Убийство брата | Угроза | Удар бейсбольной битой | Удар молотком | Удар по лицу | Удар телефонным аппаратом | Узи | Ультра-замедленная съемка | Умник | Упоминание Аль Капоне | Устранение | Устранение свидетеля | Фелляция | Фишка | Циркулярная пила | Чемодан | Чемодан, полный денег | Чикаго, Иллинойс | Чрезвычайная жестокость | Чёрная комедия | Шайка | Школьник",//avatars.mds.yandex.net/get-kinopoisk-image/1704946/b648db4a-60c5-4cd8-ab8a-4f79d5609cd5/300x450
Эта замечательная жизнь,"Джордж Бейли, житель небольшого провинциального городка, всегда хотел повидать мир, но обстоятельства не давали ему покинуть родные места. Он жертвовал собой ради других, копил каждый цент, чтобы содержать семью, брал взаймы и защищал городок от злого банкира Поттера. И вот, в канун Рождества, расстроенный бесчисленными проблемами и терзаемый мыслями, что лучше бы и вовсе не рождаться, Джордж решается на отчаянный поступок. Но именно в этот момент к нему приходит ангел, чтобы показать мужчине, какой была бы жизнь, если бы он не родился.","фэнтези, драма, мелодрама, семейный","Ангел | Ангел на Земле | Ангел-хранитель | Аптека | Банк | Банкир | Банковский вклад | Бармен | Белка | Великая Депрессия | Вторая мировая война | Второй шанс | Депрессия | Жертвоприношение | Заброшенный дом | Исполнение желаний | Ливень с ураганом | Маленький город | Мальчик на посылках | Молитва | Небеса | Нью-Йорк | Отношения матери и дочери | Отношения матери и сына | Отношения отца и дочери | Отношения отца и сына | Отчуждение | Падение в воду | Пение | Попытка суицида | Потеря отца | Потеря права выкупа | Празднование | Рассеянность | Река | Рождественская елка | Рождественский гимн | Рождество | Семейные отношения | Скупец | Сочельник | Спасение утопающего | Стоп-кадр | Телеграмма | Фармацевт | Финансовые проблемы | Что, если",//avatars.mds.yandex.net/get-kinopoisk-image/10893610/c763cab4-ee73-449a-9717-701052dfbffb/300x450
Изгой,"Инспектор логистической компании FedEx Чак Ноланд — трудоголик, у которого нет времени даже на собственную невесту. Во время очередной командировки самолет с Ноландом падает в Тихий океан. Чак, единственный, кому посчастливилось спастись, оказывается на необитаемом острове, где ему придется бороться за выживание.","драма, мелодрама, приключения",Авиакатастрофа | Волейбол | Воображаемый друг | Выброшенный на берег | Выживание | Выживший | Голод | Горе | Грусть | Далекий остров | Единственный оставшийся в живых | Застрявший на острове | Зубная боль | Карманные часы | Копьё | Ливень с ураганом | Любовь | Молния | Надежда | Небольшое количество диалогов | Огонь | Океан | Остров | Отчаяние | Пейджер | Плач | Плачущий мужчина | Потерянный в море | Почтовая доставка | Разжигание огня | Рыба | Самолет | Сожаление | Спасение | Счастье | Сёрвайвелист (участник движения за выживание) | Тропический остров | Трудоголик | Труп | Уединение | Фотография | Шторм | Шторм на море,//avatars.mds.yandex.net/get-kinopoisk-image/1599028/249ec6b5-b02a-4a17-a31a-0fb2d03f963e/300x450
Землетрясение,"28 июля 1976 года в Таншане провинции Хэбэй произошло землетрясение, которое длилось меньше чем полминуты, но унесло несколько сотен тысяч жизней. Эти секунды поставили мать перед ужасным выбором — спасти сына или дочь, что обернулось грузом вины на десятилетия.","драма, история","1976 год | 2008 год | Iphone | Азия | Бедствие | Беременность вне брака | Воссоединение | Воссоединение семьи | Вытесненные воспоминания | Землетрясение | Иностранец | Июль | Китай | Колледж | Лето | Мемориал | Местоположение в оригинальном названии | Мёртвое тело | Название города в оригинальном названии | Незапланированная беременность | Общественная столовая | Однорукий человек | Отношения девушки и парня | Отношения матери и дочери | Отношения матери и сына | Отношения мужа и жены | Отношения отца и дочери | Отношения приемных отца и дочери | Посвящение | Потеря | Потеря мужа | Потеря отца | Потеря семьи | Предположительно мертвый | Приемная дочь | Протез | Протезная рука | Разговор с мертвыми | Разлука с семьей | Рикша | Семейная сага | Семейная трагедия | Семейные отношения | Смерть в семье | Смерть члена семьи | Сон, мечта | Спасание жизни | Стихийное бедствие | Студент | Умерший отец | Университетский городок | Усыновление | Усыновленный ребенок | Учитель английского | Физический или умственный недостаток | Фильм-катастрофа",//avatars.mds.yandex.net/get-kinopoisk-image/4774061/42571afc-b3f9-4f95-915d-00acd154e6b4/300x450
Работа без авторства,"Молодой художник Курт Барнерт сбегает из Восточной Германии в Западную, чтобы учиться живописи и свободно работать. Однако болезненное прошлое дает о себе знать.","биография, драма, военный, мелодрама",1930-е | 1940-е | 1950-е | 1960-е | Аборт | Беременность | Берлинская стена | Восточная Германия | Выкидыш | Вынужденный аборт | Газовая камера | Галерея искусств | Гинеколог | Голая женщина (вид сзади) | Допрос | Евгеника | Женская нагота | Женские лобковые волосы | Искусство | Коммунизм | Мужская нагота | Нацизм | Неверность | Отношения тестя и зятя | Отношения тети и племянника | Полностью обнаженная женщина | Портретная живопись | Постельная сцена | Профессор | Романтические отношения | СС | Самоубийство через повешение | Смерть отца | Современное искусство | Стенная роспись | Творческий ученик | Художественная выставка | Художник,//avatars.mds.yandex.net/get-kinopoisk-image/1629390/5884c004-d733-418e-8e94-d50759eac02e/300x450
Пленницы,"Келлер Довер сталкивается с самым большим кошмаром каждого родителя: его шестилетняя дочь пропала вместе с подругой. Время бежит, девочки не возвращаются, и паника достигает своего предела. Единственная зацепка - обветшалый фургончик, который был припаркован на их улице, когда девочки играли во дворе. Детектив Локки, возглавляющий расследование, арестовывает его водителя, Алекса Джонса, но вскоре полиция вынуждена его отпустить из-за нехватки улик. Полиция медлит, а обезумевший от горя отец берет дело в свои руки. Но как далеко готов зайти Келлер в поисках девочек?","триллер, драма, криминал, детектив","Больница | Виджиланте | Держать на прицеле | Детектив | Дождь | Жестокое обращение с животными | Застреленный | Зверство | Змея | Комната для допросов | Место преступления | Месть | Наркотический напиток | Неонуар | Носок | Общественное антикриминальное движение | Побег | Подвеска | Поиски отцом пропавшей дочери | Поиски пропавшей девушки | Полицейское расследование | Полиция | Похищение | Похищение ребенка | Похищенный ребёнок | Пропавшая девочка | Пропавшая дочь | Пытки | Расследование | Самосуд | Свист | Связанный, с кляпом во рту | Сексуальный преступник | Серийное убийство | Собака | Стремление к выживанию | Сёрвайвелист (участник движения за выживание) | Убийство ребенка | Умственная отсталость",//avatars.mds.yandex.net/get-kinopoisk-image/1900788/c7debfa6-6264-4352-a996-3676906cce58/300x450
Нечто,"Команде ученых американской исследовательской станции в Антарктике предстоит столкнуться с необъяснимым кошмаром. Отрезанные от остального мира полярники вступают в схватку с инопланетной тварью, способной принимать обличье земных существ.","ужасы, фантастика","Ад на Земле | Американский фильм ужасов | Антарктика | Бомбардир | Брызги крови | В фильме только мужчины | Восхождение | Двусмысленный финал | Запись (бумажная, аудио, видео) | Зло | Злодей | Извлечение внутренних органов | Изменение облика | Изоляция | Иноземная форма жизни | Инопланетное вторжение | Инопланетное создание | Кратер | Кровавая баня | Культовый фильм | Маньяк | Место разбивки лагеря | Мёртвое тело | Научная экспедиция | Научно-исследовательская станция | Образец крови | Одержимость | Паранойя | Порезать на кусочки | Похороненный | Престарелый астронавт | Разрезать на куски | Расчленение | Резня | Римейк | Ругательство на букву «F» | Свеча | Скотч J&B | Собака | Существо | Съеденный заживо | Темнота | Трансформация | Ужас | Фильм ужасов о выживании | Хоррор с телесными мутациями",//avatars.mds.yandex.net/get-kinopoisk-image/6201401/01d5bf88-75de-4686-a322-14a55fca991c/300x450
Прислуга,"Американский Юг, на дворе 1960-е годы. Скитер только-только закончила университет и возвращается домой, в сонный городок Джексон, где никогда ничего не происходит. Она мечтает стать писательницей, вырваться в большой мир. Но для приличной девушки с Юга не пристало тешиться столь глупыми иллюзиями, приличной девушке следует выйти замуж и хлопотать по дому.",драма,"1960-е | Автобус | Афроамериканец | Беременная жена | Беременность | Богатые родители | Будущая мать | Выкидыш | Выпечка | Газетный обозреватель | Главный герой - женщина | Гражданские права | Движение за гражданские права | Друг | Дружба | Классовые различия | Красавица с юга | Миссиссипи | Название прописью | Название, сказанное персонажем | Написание книги | Написание романа | Оригинальное название из двух слов | Отношения матери и дочери | Отношения мужа и жены | Первая работа | Пирог | Писатель | По мотивам романа | Расизм | Расовая ненависть | Расовая сегрегация | Расовые проблемы | Сила духа | Сильная героиня | Служанка | Старение | Тест Бекдел пройден | Трофейная жена | Умирающий от рака | Упоминание Мартина Лютера Кинга | Управление эмоциями | Чернокожая горничная | Экскременты | Эксплуатационное кино",//avatars.mds.yandex.net/get-kinopoisk-image/4303601/f1c4d9cb-2120-487c-a84a-cbb8e5c462c0/300x450
Гараж,"На заседании гаражного кооператива предстоит выбрать четырех «крайних», которые должны сами отказаться от будущего собственного гаража. Но выбора, в общем-то, и нет — правление кооператива уже составило список сокращаемых, который собранию надо лишь утвердить.","драма, комедия",Гараж | Машина | Неудача | Оригинальное название из одного слова | Паркинг | Сатира | Съемки в одних декорациях,//avatars.mds.yandex.net/get-kinopoisk-image/1600647/b34eebcf-7dde-4d6e-92b8-65db1aab935d/300x450
Мементо,"Леонард Шелби изысканно и дорого одет, ездит на новеньком «Ягуаре», но останавливается в дешевых мотелях. Он всеми силами пытается найти убийцу жены. Его проблема — редкая форма амнезии, потеря короткой памяти — помня все до убийства, он не помнит, что было 15 минут назад.","триллер, детектив, драма, криминал","Американец итальянского происхождения | Антигерой | Барменша | В обратном направлении | Главный герой мужского пола | Диабетик | Душ | Женское нижнее белье | Жестокость | Записка | Изнасилование | Изнасилование и убийство | Инсулин | Инъекция | Личность | Манипуляция | Месть | Монолог | Мотель | Напоминание | Недостоверное повествование | Недостоверный флешбэк | Нелинейное повествование | Неонуар | Озвучивание мыслей героев | Отвлекающий манёвр | Память | Повторяющаяся реплика | Потеря жены | Потеря кратковременной памяти | Психологический триллер | Ругательство на букву «F» | Самообман | Саспенс | Связанный, с кляпом во рту | Скрытая правда | Страдающий амнезией | Страховой инспектор | Татуировка | Телефон | Тёмный герой | Убийство | Флешбэк | Флешфорвард | Фотография | Черно-белая сцена | Ягуар",//avatars.mds.yandex.net/get-kinopoisk-image/6201401/3fabdd0d-9b34-4cbf-a3b0-eb8448ccc122/300x450
Цельнометаллическая оболочка,"Американская база подготовки новобранцев корпуса морской пехоты. Жесточайшая, бесчеловечная система призвана превратить домашних мальчишек в натренированных хладнокровных убийц. Их готовят к войне во Вьетнаме, где им придется часто задавать себе вопрос «Разве война - это не ад?», а иначе просто невозможно убивать каждый день, не понимая, для чего это?","драма, военный","1960-е | 1967 год | 1968 год | Американские войска | Брызги крови | Ванная комната | Военная база | Военная подготовка | Военный корреспондент | Война во Вьетнаме | Вооруженные силы | Вьетнам | Групповое наказание | Длинный кадр | Женщина-снайпер | Жестокость | Закадровый голос | Замедленная сцена | Засада | Застреленный | Издевательство | Инструктор по строевым учениям | Корпус морской пехоты США | Кровь | Морской пехотинец США | Мужская дружба | Название из трех слов | Название, сказанное персонажем | Начальная подготовка | Ненормативная лексика | Нервный срыв | Партизанская война | Перестрелка | Полоса препятствий | Прозвище | Самоубийство | Словесное оскорбление | Снайпер | Сражение | Убийство | Убийство из милосердия | Убийство перед самоубийством | Унижение | Учебный лагерь новобранцев",//avatars.mds.yandex.net/get-kinopoisk-image/1599028/63ae09b0-12c7-4ca6-996a-1a9435cb8cfc/300x450
Гарри Поттер и Дары Смерти: Часть I,Гарри Поттера ждёт самое страшное испытание в жизни — смертельная схватка с Волан-де-Мортом. Друзья и враги Гарри предстают в совершенно неожиданном свете. Граница между добром и злом становится всё призрачнее.,"фэнтези, приключения, семейный",Беглец | В бегах | Ведьма | Видения | Волшебная палочка | Волшебник | Волшебство | Выживание | Главный герой мужского пола | Гонение | Друг | Дружба | Дружба между мальчиками | Дьявол | Злой волшебник | Змея | Избранный | Кафе | Кладбище | Книга | Лес | Отвага | Открытый финал | Палатка | Пляж | По мотивам молодежного романа | По мотивам романа | Поезд | Психотронный фильм | Пытки | Радио | Расизм | Свадьба | Сиквел | Страх | Темное фэнтези | Хладнокровное убийство,//avatars.mds.yandex.net/get-kinopoisk-image/6201401/66852969-2d21-45de-bae1-62ec7760f756/300x450
Человек-паук: Паутина вселенных,"После воссоединения с Гвен Стейси дружелюбный сосед Человек-Паук попадает из Бруклина в Мультивселенную, где встречает команду Паучков, защищающих само её существование. Пытаясь справиться с новой угрозой, Майлз сталкивается с Пауками из других вселенных. Настаёт момент, когда ему необходимо решить, что значит быть героем, спасающим тех, кого любишь больше всего.","мультфильм, фантастика, фэнтези, боевик, приключения, семейный",3D-анимация | CGI-анимация | Альтернативное вселенная | Афроамериканец | Битва | Бой | Большой город | Вторая часть | Героиня | Герой | Герой в маске | Двоеточие в оригинальном названии | Дефис в оригинальном названии | Животное в оригинальном названии | Злодей | Компьютерная анимация | Мексиканец | Нью-Йорк | Оригинальное название из шести слов | Параллельная вселенная | Параллельный мир | Парень-подросток | Паук | По мотивам комикса | Пол в названии | Пунктуация в оригинальном названии | Сиквел | Супергероиня | Супергерой | Супергерой в маске | Супергерой-подросток | Суперзлодей | Сюрреализм,//avatars.mds.yandex.net/get-kinopoisk-image/10893610/4df6ae79-1fef-4a72-b55d-9be66233af1e/300x450
На игле,"История четырёх друзей-наркоманов в Эдинбурге 1990-х годов. Кто-то из них пытается завязать, а кто-то озабочен только тем, как достать очередную дозу.","драма, криминал","1990-е | Англия | Британец | Британская комедия | Видеомагнитофон | Видеоплёнка | Героин | Героиновозависимый | Голая женщина (вид сзади) | Грязный туалет | Домашнее секс-видео | Европа | Женская нагота | Женская нагота (вид спереди) | Закадровый голос | Красочная нагота | Кровь | Культовая классика | Культовый фильм | Младенец | Мрачная комедия | Мужская нагота | Мужская нагота (вид спереди) | Наркодилер | Наркокультура | Наркотик | Наркотики | Наркотическая зависимость | Ненормативная лексика | Оригинальное название из одного слова | Покрытый фекалиями | Полностью обнаженная женщина | Полностью обнаженный мужчина | Ругательство на букву «F» | Самоповествование | Сексуальный юмор | Сквернословие | Смерть младенца | Собака | Спальня | Унитаз | Школьница | Шотландец | Шотландия | Шотландский | Шотландский акцент | Эдинбург, Шотландия",//avatars.mds.yandex.net/get-kinopoisk-image/1777765/f47dc447-7360-43a4-aa05-5ac408203f5e/300x450
Умница Уилл Хантинг,"Уилл Хантинг - 20-летний вундеркинд из Бостона, который то и дело ввязывается в неприятные истории. И когда полиция арестовывает его за очередную драку, профессор математики берет его под свою опеку, но при одном условии: Уилл должен пройти курс психотерапии. Сеансы «перевоспитания», начавшиеся с недоверия, постепенно перерастают в дружбу между Уиллом и его наставником.","драма, мелодрама","1990-е | Автодидакт | Актер-сценарист | Амбиции | Американец ирландского происхождения | Англичанка за границей | Аэропорт | Бар | Бармен | Бейсбол | Беспорядок | Бинокль | Блокбастер | Бостон Рэд Сокс | Бостон, Массачусетс | Бутерброд | Бывший заключенный | Вдовец | Ветеран Вьетнамской войны | Внебрачный секс | Встреча выпускников | Выдающий себя за другое лицо | Гарвард | Гарвард (универститет) | Гений | Гипнотерапия | Горе | День рождения | Детская травма | Дождь | Достижение совершеннолетия | Друг | Дружба | Ежегодный чемпионат США по бейсболу | Жестокий отец | Жестокое обращение с детьми | Жестокость | Живопись | Закусочная | Зал суда | Замедленная сцена | Зеркало | Извинение | Имя персонажа в оригинальном названии | Классовые различия | Колледж | Кувалда | Культовый фильм | Курение сигарет | Лекция | Магазин игрушек | Малая лига | Массачусетский Технологический Институт | Мастерство | Мастурбация | Математик | Математика | Математический гений | Математическое уравнение | Машина | Надземная железная дорога | Название из трех слов | Нападение | Нежелательная дружба | Независимый фильм | Ненормативная лексика | Неожиданный финал | Объятие | Одаренный человек | Оригинальная история | Оскорбление на расовой почве | Отношения мужчины и женщины | Паб | Парк | Переезд | Пиво | Письмо | Плач | Площадка для игр | Подержанная машина | Помощник учителя | Потеря жены | Поцелуй | Прелюдия | Профессор | Психиатр | Психологическая драма | Психотерапия | Рабочий класс | Рабочий-строитель | Разрыв отношений | Рак (болезнь) | Рассказ анекдота | Ресторан | Ругательство на букву «F» | Самолет | Свидание | Сексуальная шутка | Сигаретный ожог | Сирота | Скамейка | Сквернословие | Смерть жены | Смерть любимого человека | Собака | Собачьи бега | Собеседование при приеме на работу | Спор | Стройплощадка | Студент | Судья | Сцена во время финальных титров | Телефонный звонок | Травма | Тюрьма | Уборщик | Упоминание Альберта Эйнштейна | Упоминание Винсента Ван Гога | Упоминание Микеланжело | Упоминание Уильяма Шекспира | Упоминание мастурбации | Управление национальной безопасности (NSA) | Учащийся | Флешбэк | Флирт | ХХ век | Цитирование Шекспира | Шутка",//avatars.mds.yandex.net/get-kinopoisk-image/1629390/0e2ecf70-4309-4e53-839b-ff3c9d8b0129/300x450
Ветреная река,"Штат Вайоминг. На территории индейской резервации «Ветреная река» егерь Кори Ламберт находит изувеченное тело девушки. Молодой агент ФБР Джейн Бэннер, которая не знакома с местными природными условиями и обычаями, просит Кори помочь поймать убийц.","детектив, триллер, драма, криминал",Агент ФБР | Агент ФБР женского пола | Американский индеец | Бинокль | Голая женщина (вид сзади) | Женская нагота | Жертва изнасилования | Жестокость | Замёрзший до смерти | Зима | Изнасилование | Изнасилование и месть | Индейская резервация | Ковбойская шляпа | Кровь | Месть | Нео-вестерн | Неонуар | Отморозок | Отношения бывших мужа и жены | Охотник-следопыт | Перестрелка | Полностью обнаженная женщина | Поцелуй | Расследование | Расследование убийства | Смерть | Смерть дочери | Снайпер | Снег | Снегоход | Сцена стрельбы | Сценарий режиссера | Убийство | Убийство из чувства мести,//avatars.mds.yandex.net/get-kinopoisk-image/4774061/056d70c8-7b3d-4c83-8de8-9d6b4108210d/300x450
Логан,"В недалеком будущем уставший от жизни Логан заботится о больном профессоре Икс, который прячется неподалеку от мексиканской границы. Но Логан больше не сможет скрывать свое прошлое, когда встретится с юным мутантом, которого преследуют темные силы.","фантастика, боевик, триллер, драма","Американо-канадская граница | Будущее | В дороге | Возвращение убитого персонажа | Гарпун | Герой поневоле | Глубокая старость | Граница Мексики и США | Девочка | Дикий ребенок | Дорожное путешествие | Женская нагота | Канадец | Кровь | Люди Икс | Мексика | Моральная дилемма | Мутант | Нео-вестерн | Неожиданный финал | По мотивам комикса | Пограничный патруль | Поздравление с днем рождения | Поножовщина | Пронзительный крик | Профессор | Пытки | Ребенок - наемный убийца | Ребенок-солдат | Ребенок-убийца | Садизм | Самопожертвование | Связанные ноги | Северная Дакота | Смерть главного героя | Супергерой | Телескоп | Третья часть (триквел) | Хуарес, Мексика | Чрезвычайная жестокость | Экшен-сцена в начале фильма | Эль Пасо, Техас | Ярость",//avatars.mds.yandex.net/get-kinopoisk-image/1946459/8a5600a3-ec96-4a74-8036-35b7041a076a/300x450
Дьявол носит Prada,"Мечтающая стать журналисткой провинциальная девушка Энди по окончании университета получает должность помощницы всесильной Миранды Пристли, деспотичного редактора одного из крупнейших нью-йоркских журналов мод. Энди всегда мечтала о такой работе, не зная, с каким нервным напряжением это будет связано…","драма, комедия","Автокатастрофа | Вечеринка в честь дня рождения | Высокая мода | Главный герой - женщина | Главный редактор | Гнев | Диета | Журнал | Журналистика | Издательское дело | Индустрия моды | Личный секретарь | Мода | Нью-Йорк | Первая работа | Поцелуй | Просмотр телевизора | Работа | Редактор журнала | Собака | У актера то же имя, что и у героя | Уход с работы | Фильм для женской аудитории | Шарф",//avatars.mds.yandex.net/get-kinopoisk-image/1704946/39a5e5e5-fea5-4c18-964e-40c4dfa7c995/300x450
Залечь на дно в Брюгге,"После того, как наемные убийцы Рэй и Кен запороли в Лондоне важное задание, их злобный шеф Гарри приказывает им отправиться в Брюгге и не высовываться. Оказавшись в старинном бельгийском городке, Рэй от нечего делать флиртует с местной красоткой, пока Кен наслаждается жизнью и неожиданным отпуском. Кажется, ничто не предвещает беду в спокойном городе...","комедия, криминал, триллер, драма","Бельгия | Винтовая лестница | Выдувание дыма в лицо | Двусмысленный финал | Ирландский | Канал | Колокольня | Культовый фильм | Маленький человек | Мрачная комедия | Надежда | Наркодилер | Наёмный убийца | Нюханье кокаина | Отказ подчиняться приказам | Покаяние | Попытка самоубийства | Просмотр телевизора | Прыжок с высоты | Пуля | Режиссерский дебют | Решающая схватка | Самоубийство через прыжок с высоты | Сигарета | Смерть | Совесть, страдающая от сознания вины | Создание фильма | Стереотипный канадец | Стрельба | Суицидальные мысли | Турист | Убийство невинного человека | Убийство священника | Церковь | Чистилище | Чтение книги",//avatars.mds.yandex.net/get-kinopoisk-image/1600647/dcc7b24e-43b9-47fe-9839-8bc04996fa1c/300x450
